<?xml version="1.0"?>
<doc>
    <assembly>
        <name>$ext_safeprojectname$.API</name>
    </assembly>
    <members>
        <member name="M:$ext_safeprojectname$.API.Controllers.CarsController.#ctor(AutoMapper.IMapper,Service.BLL.Contracts.ICarsService)">
            <summary>
            Cars db api
            </summary>
            <param name="mapper"></param>
            <param name="carsService"></param>
        </member>
        <member name="M:$ext_safeprojectname$.API.Controllers.CarsController.CreateCarAsync($ext_safeprojectname$.API.Models.Car)">
            <summary>
            Create a new car
            </summary>
            <param name="car"></param>
            <returns>Returns created car</returns>           
        </member>
        <member name="M:$ext_safeprojectname$.API.Controllers.CarsController.GetCarAsync(System.Guid)">
            <summary>
            Get car by id
            </summary>
            <param name="id">Car Id</param>
            <returns>Returns finded car</returns>
        </member>
        <member name="M:$ext_safeprojectname$.API.Controllers.CarsController.UpdateCarAsync(System.Guid,$ext_safeprojectname$.API.Models.Car)">
            <summary>
            Update existing car
            </summary>
            <param name="id">Car id</param>
            <param name="car">Car parameters</param>
            <returns></returns>
        </member>
        <member name="M:$ext_safeprojectname$.API.Controllers.CarsController.DeleteCarAsync(System.Guid)">
            <summary>
            Delete car
            </summary>
            <param name="id">Car id</param>
            <returns></returns>
        </member>
        <member name="M:$ext_safeprojectname$.API.Controllers.CarsController.GetCarsListAsync(System.Int32,System.Int32)">
            <summary>
            Get cars list
            </summary>
            <param name="pageNumber">Page number</param>
            <param name="pageSize">Page size</param>
            <returns></returns>
        </member>
        <member name="T:$ext_safeprojectname$.API.Controllers.TodoController">
            <summary>
            Todos mock web proxy 
            </summary>
        </member>
        <member name="M:$ext_safeprojectname$.API.Controllers.TodoController.#ctor(AutoMapper.IMapper,Service.BLL.TodosMockProxyService)">
            <summary>
            Todos mock web proxy 
            </summary>
            <param name="mapper"></param>
            <param name="carsService"></param>
        </member>
        <member name="M:$ext_safeprojectname$.API.Controllers.TodoController.GetTodoById(System.Int32)">
            <summary>
            Get todo by id
            </summary>
            <param name="id">Todo id</param>     
            <returns></returns>
        </member>
        <member name="M:$ext_safeprojectname$.API.Controllers.TodoController.GetTodos">
            <summary>
            Get todos list from remote mock api
            </summary>      
            <returns></returns>
        </member>
        <member name="M:$ext_safeprojectname$.API.Controllers.TokenController.GenerateToken">
            <summary>
            Generate sample token
            </summary>       
            <returns>Generated token</returns>        
        </member>
        <member name="M:$ext_safeprojectname$.API.Controllers.TokenController.ValidateToken(System.String)">
            <summary>
            Validate sample token
            </summary>
            <param name="token">Token for validation</param>
            <returns>Token validation status</returns>        
        </member>
        <member name="M:$ext_safeprojectname$.API.Controllers.CarsV0Controller.GetCarsV0ListAsync(System.Int32)">
            <summary>
            Get cars list
            </summary>       
            <param name="limit">Items count</param>
            <returns></returns>
        </member>
        <member name="T:$ext_safeprojectname$.API.Models.Car">
            <summary>
            Car type
            </summary>
        </member>
        <member name="P:$ext_safeprojectname$.API.Models.Car.Id">
            <summary>
            Car id
            </summary>
        </member>
        <member name="P:$ext_safeprojectname$.API.Models.Car.ModelName">
            <summary>
            Car model name
            </summary>
        </member>
        <member name="P:$ext_safeprojectname$.API.Models.Car.CarType">
            <summary>
            Car type
            </summary>
        </member>
        <member name="P:$ext_safeprojectname$.API.Models.Car.CreatedOn">
            <summary>
            CreatedOn
            </summary>
        </member>
        <member name="P:$ext_safeprojectname$.API.Models.Car.ModifiedOn">
            <summary>
            ModifiedOn
            </summary>
        </member>
        <member name="T:$ext_safeprojectname$.API.Models.CarType">
            <summary>
            Car type
            </summary>
        </member>
        <member name="F:$ext_safeprojectname$.API.Models.CarType.Hatchback">
            <summary>
            Hatchback
            </summary>
        </member>
        <member name="F:$ext_safeprojectname$.API.Models.CarType.Sedan">
            <summary>
            Sedan
            </summary>
        </member>
        <member name="F:$ext_safeprojectname$.API.Models.CarType.SUV">
            <summary>
            SUV
            </summary>
        </member>
        <member name="F:$ext_safeprojectname$.API.Models.CarType.Coupe">
            <summary>
            Coupe
            </summary>
        </member>
        <member name="T:$ext_safeprojectname$.API.Models.Todo">
            <summary>
            Todo item
            </summary>
        </member>
        <member name="P:$ext_safeprojectname$.API.Models.Todo.Id">
            <summary>
            Todo id
            </summary>
        </member>
        <member name="P:$ext_safeprojectname$.API.Models.Todo.Title">
            <summary>
            Todo title
            </summary> 
        </member>
        <member name="P:$ext_safeprojectname$.API.Models.Todo.Completed">
            <summary>
            Todo status
            </summary>        
        </member>
        <member name="T:$ext_safeprojectname$.API.Swagger.SwaggerDefaultValues">
            <summary>
            Represents the Swagger/Swashbuckle operation filter used to document the implicit API version parameter.
            </summary>
            <remarks>This <see cref="T:Swashbuckle.AspNetCore.SwaggerGen.IOperationFilter"/> is only required due to bugs in the <see cref="T:Swashbuckle.AspNetCore.SwaggerGen.SwaggerGenerator"/>.
            Once they are fixed and published, this class can be removed.</remarks>
        </member>
        <member name="M:$ext_safeprojectname$.API.Swagger.SwaggerDefaultValues.Apply(Swashbuckle.AspNetCore.Swagger.Operation,Swashbuckle.AspNetCore.SwaggerGen.OperationFilterContext)">
            <summary>
            Applies the filter to the specified operation using the given context.
            </summary>
            <param name="operation">The operation to apply the filter to.</param>
            <param name="context">The current operation filter context.</param>
        </member>
    </members>
</doc>
